,no,low,high
16,3.3771876525811004,3.692157117193065,3.880483209207942
17,3.782639173657487,3.887430063872639,4.55172641990087
18,6.200919612874757,5.990915103519666,4.756206592936379
19,4.696418005638748,5.085308469676873,4.943766905992777
20,4.069550866756083,4.221106103765753,4.438831214106544
21,5.961401692042215,5.53219882717583,4.78765249194355
22,4.522730216568764,5.057083262323802,5.390233931414687
23,5.637814576814067,5.496954451486744,4.955752033242287
24,5.604004893651145,5.407614812751176,5.138602205015673
