,no,low,high
16,2.9019307989772867,3.8406497168243243,3.8611810063336343
17,3.6987054218414537,3.8772625433450374,4.4475907888527635
18,5.348980927702292,5.995194411539304,5.467431159777346
19,4.361052463451031,4.815755261929373,4.282066641980895
20,4.026004417652187,3.543675009639488,4.592084663501976
21,6.033231432712716,5.82584880906037,5.390670554881466
22,5.194916588401832,5.222975351027337,4.911434093696799
23,6.821555354836521,5.351202799850364,5.128609458878082
24,5.237357773386625,5.106838066126511,4.511914711947
