,no,low,high
16,3.5268985786386993,3.763824255000726,3.852313667807242
17,3.8633410063221914,3.8069847192958113,4.26570166771606
18,5.7416615560958695,5.822592425462643,6.009393510491039
19,4.535789617730392,4.550171674570265,4.891060776193479
20,3.6274459611602796,3.9238726425792754,4.152618763774667
21,5.020398048751887,5.542424748366373,5.162193846375565
22,4.405995675288213,5.082985199704094,4.876050225596707
23,6.417300641172272,6.4744182377530475,5.558659519649538
24,5.2151492243747075,5.298352905966037,4.907476746024759
