,no,low,high
16,3.7654910581427794,3.6098732738016652,4.293336591806649
17,4.098448718573083,4.7236216217360365,4.813469594752764
18,5.707632515153019,6.9539842205520275,5.686416755454129
19,4.277198894163112,4.288571714943239,4.933516518413526
20,4.182936928391932,4.475609187500719,4.583090933739826
21,5.41053000197172,5.2422495890834,5.1703669785872695
22,4.7433681821621745,4.855940583536716,4.703013504487384
23,5.958595967897737,5.465047859759739,5.499773269490858
24,5.060008491877939,4.420146372975772,4.788959053249143
