,no,low,high
16,3.690178265654309,3.9168755604694407,4.827003359790185
17,4.271999143430244,4.952518033255652,5.07430638253287
18,6.794058127786349,7.6734298063565225,6.563229227682436
19,4.9123553808561145,4.634944613517249,4.917623789532378
20,4.409648058879689,4.222085468328416,4.975505897917558
21,5.8156268564050855,5.837355309135964,5.092030593547571
22,4.063167014645995,4.011114184634256,4.780196989215122
23,6.056064806165095,6.352340571177961,6.012290967928126
24,4.58233776691751,4.782560807830898,5.297451218269985
