,no,low,high
16,4.032696219666926,4.404743074471844,4.669439402094134
17,4.684368403249759,4.952518033255652,5.128660574298598
18,6.998609653293933,7.6734298063565225,6.264489797875284
19,5.429757244922657,4.9734898982925655,5.452739568381641
20,4.4781350789558445,5.106913450785564,5.270496203257538
21,5.633653290424413,6.4842938301071875,5.668522861777839
22,5.486530316333452,5.818982093151564,4.827093647812727
23,6.10830447397256,6.8822068177152005,6.118476930772173
24,5.127225653582311,5.425475651287699,5.319301659482164
