,no,low,high
16,4.126425326758124,4.3972062420658595,4.732835253987636
17,4.672113169332522,4.690164053511532,5.049305741434194
18,6.961859866120569,8.001151270858136,7.001265852843021
19,5.429757244922657,5.682192701494469,4.966759837742286
20,4.545263284491515,4.990171170357752,4.996330690288804
21,5.41399305332205,6.289755287573087,5.739596406001075
22,5.275420987484948,5.458711367538222,5.077030484800659
23,6.718099344570711,7.0689792778310885,6.216282403556816
24,5.080334748719704,6.157006489181134,5.444806103877539
